{"cameraMode":{"drawMode":0,"name":"Shaded","section":"Shading Mode"},"sceneLighting":true,"audioPlay":false,"sceneViewState":{"m_AlwaysRefresh":false,"showFog":true,"showSkybox":true,"showFlares":true,"showImageEffects":true,"showParticleSystems":true,"showVisualEffectGraphs":true,"m_FxEnabled":true},"in2DMode":false,"pivot":{"x":388.77496337890627,"y":651.1796264648438,"z":44.23101806640625},"rotation":{"x":0.0584537498652935,"y":0.020962541922926904,"z":-0.0012277098139747978,"w":0.9980692267417908},"size":745.9884643554688,"orthographic":true}